[{"startLine":-1,"startCol":0,"endLine":-1,"endCol":-1,"severity":3,"suppressionHash":-7074781646090960220,"ruleSet":"All rules","rule":"S1228","message":"Add a \u0027package-info.java\u0027 file to document the \u0027src\\main\\java\\hello\u0027 package","eventGroup":[]},{"startLine":-1,"startCol":0,"endLine":-1,"endCol":-1,"severity":3,"suppressionHash":-3689301772390737221,"sourceHash":"d1a9b4bc08f3834eb1169a021e052ea4","ruleSet":"All rules","rule":"S113","path":"src/main/java/hello/HelloWorld.java","message":"Add a new line at the end of this file.","eventGroup":[]},{"startLine":5,"startCol":1,"endLine":5,"endCol":32,"severity":3,"suppressionHash":-2178705805392471079,"sourceHash":"d1a9b4bc08f3834eb1169a021e052ea4","ruleSet":"All rules","rule":"S1128","path":"src/main/java/hello/HelloWorld.java","message":"Remove this unused import \u0027java.util.logging.Logger\u0027.","eventGroup":[]},{"startLine":4,"startCol":1,"endLine":4,"endCol":31,"severity":3,"suppressionHash":7876277272085527946,"sourceHash":"d1a9b4bc08f3834eb1169a021e052ea4","ruleSet":"All rules","rule":"S1128","path":"src/main/java/hello/HelloWorld.java","message":"Remove this unused import \u0027java.util.logging.Level\u0027.","eventGroup":[]},{"startLine":7,"startCol":25,"endLine":7,"endCol":25,"severity":3,"suppressionHash":879374040667401082,"sourceHash":"d1a9b4bc08f3834eb1169a021e052ea4","ruleSet":"All rules","rule":"S1106","path":"src/main/java/hello/HelloWorld.java","message":"Move this left curly brace to the beginning of next line of code.","eventGroup":[]},{"startLine":8,"startCol":42,"endLine":8,"endCol":42,"severity":3,"suppressionHash":6324858958589688398,"sourceHash":"d1a9b4bc08f3834eb1169a021e052ea4","ruleSet":"All rules","rule":"S1106","path":"src/main/java/hello/HelloWorld.java","message":"Move this left curly brace to the beginning of next line of code.","eventGroup":[]},{"startLine":-1,"startCol":0,"endLine":-1,"endCol":-1,"severity":0,"suppressionHash":-5415732512503599641,"sourceHash":"d1a9b4bc08f3834eb1169a021e052ea4","ruleSet":"All rules","rule":"S1451","path":"src/main/java/hello/HelloWorld.java","message":"Add or update the header of this file.","eventGroup":[]},{"startLine":10,"startCol":5,"endLine":10,"endCol":14,"severity":2,"suppressionHash":1480043913407435211,"sourceHash":"d1a9b4bc08f3834eb1169a021e052ea4","ruleSet":"All rules","rule":"S106","path":"src/main/java/hello/HelloWorld.java","message":"Replace this use of System.out or System.err by a logger.","eventGroup":[]},{"startLine":13,"startCol":5,"endLine":13,"endCol":14,"severity":2,"suppressionHash":-7784256521265301050,"sourceHash":"d1a9b4bc08f3834eb1169a021e052ea4","ruleSet":"All rules","rule":"S106","path":"src/main/java/hello/HelloWorld.java","message":"Replace this use of System.out or System.err by a logger.","eventGroup":[]},{"startLine":-1,"startCol":0,"endLine":-1,"endCol":-1,"severity":3,"suppressionHash":-8528383786338506625,"sourceHash":"f71c0a940850e5883c7570923f4253e5","ruleSet":"All rules","rule":"S113","path":"src/main/java/hello/Greeter.java","message":"Add a new line at the end of this file.","eventGroup":[]},{"startLine":3,"startCol":22,"endLine":3,"endCol":22,"severity":3,"suppressionHash":2584655563221979425,"sourceHash":"f71c0a940850e5883c7570923f4253e5","ruleSet":"All rules","rule":"S1106","path":"src/main/java/hello/Greeter.java","message":"Move this left curly brace to the beginning of next line of code.","eventGroup":[]},{"startLine":4,"startCol":28,"endLine":4,"endCol":28,"severity":3,"suppressionHash":6727040159785161495,"sourceHash":"f71c0a940850e5883c7570923f4253e5","ruleSet":"All rules","rule":"S1106","path":"src/main/java/hello/Greeter.java","message":"Move this left curly brace to the beginning of next line of code.","eventGroup":[]},{"startLine":-1,"startCol":0,"endLine":-1,"endCol":-1,"severity":0,"suppressionHash":1822589858516253707,"sourceHash":"f71c0a940850e5883c7570923f4253e5","ruleSet":"All rules","rule":"S1451","path":"src/main/java/hello/Greeter.java","message":"Add or update the header of this file.","eventGroup":[]},{"startLine":5,"startCol":12,"endLine":5,"endCol":25,"severity":3,"suppressionHash":1496149679697694766,"sourceHash":"f71c0a940850e5883c7570923f4253e5","ruleSet":"All rules","rule":"S3400","path":"src/main/java/hello/Greeter.java","message":"Remove this method and declare a constant for this value.","eventGroup":[]},{"startLine":14,"startCol":14,"endLine":14,"endCol":28,"severity":3,"suppressionHash":8971357178137401742,"sourceHash":"3f82a4461f898300b81b526cc99ec0ce","ruleSet":"Java test code ruleset","rule":"S3577","path":"src/test/java/hello/HelloWorldTests.java","message":"Rename class \"HelloWorldTests\" to match the regular expression: \u0027^((Test|IT)[a-zA-Z0-9]+|[A-Z][a-zA-Z0-9]*(Test|IT|TestCase|ITCase))$\u0027","eventGroup":[]},{"startLine":25,"startCol":17,"endLine":25,"endCol":40,"severity":3,"suppressionHash":-4703018776242749432,"sourceHash":"3f82a4461f898300b81b526cc99ec0ce","ruleSet":"Java test code ruleset","rule":"S3578","path":"src/test/java/hello/HelloWorldTests.java","message":"Rename this method name to match the regular expression: \u0027^test[A-Z][a-zA-Z0-9]*$\u0027","eventGroup":[]},{"startLine":28,"startCol":9,"endLine":28,"endCol":73,"severity":3,"suppressionHash":7511000193656759793,"sourceHash":"3f82a4461f898300b81b526cc99ec0ce","ruleSet":"Java test code ruleset","rule":"S2698","path":"src/test/java/hello/HelloWorldTests.java","message":"Add a message to this assertion.","eventGroup":[]},{"startLine":32,"startCol":17,"endLine":32,"endCol":46,"severity":3,"suppressionHash":9187441843498380792,"sourceHash":"3f82a4461f898300b81b526cc99ec0ce","ruleSet":"Java test code ruleset","rule":"S3578","path":"src/test/java/hello/HelloWorldTests.java","message":"Rename this method name to match the regular expression: \u0027^test[A-Z][a-zA-Z0-9]*$\u0027","eventGroup":[]},{"startLine":32,"startCol":17,"endLine":32,"endCol":46,"severity":2,"suppressionHash":5261952084525338286,"sourceHash":"3f82a4461f898300b81b526cc99ec0ce","ruleSet":"Java test code ruleset","rule":"S1607","path":"src/test/java/hello/HelloWorldTests.java","message":"Fix or remove this skipped unit test","eventGroup":[]},{"startLine":35,"startCol":9,"endLine":35,"endCol":60,"severity":3,"suppressionHash":-7694690498973283745,"sourceHash":"3f82a4461f898300b81b526cc99ec0ce","ruleSet":"Java test code ruleset","rule":"S2698","path":"src/test/java/hello/HelloWorldTests.java","message":"Add a message to this assertion.","eventGroup":[]}]