[{"startLine":16,"startCol":2,"endLine":16,"endCol":12,"severity":3,"suppressionHash":-4996725585809294419,"sourceHash":"f5eb70f34b4abac0121bd4ad8031f4f4","ruleSet":"Java CWE ruleset","rule":"S5122","path":"src/main/java/com/codescroll/notification/controller/ChangeProjectStatusNotifyController.java","message":"Make sure that enabling CORS is safe here.","eventGroup":[]},{"startLine":70,"startCol":14,"endLine":70,"endCol":33,"severity":2,"suppressionHash":6008046886125430486,"sourceHash":"3a31cacddc367167d33fafe47eba7775","ruleSet":"Java CWE ruleset","rule":"S1166","path":"src/main/java/com/codescroll/notification/service/config/MailServerConfigService.java","message":"Either log or rethrow this exception.","eventGroup":[]},{"startLine":73,"startCol":14,"endLine":73,"endCol":22,"severity":3,"suppressionHash":-443472520606210223,"sourceHash":"3a31cacddc367167d33fafe47eba7775","ruleSet":"Java CWE ruleset","rule":"S2221","path":"src/main/java/com/codescroll/notification/service/config/MailServerConfigService.java","message":"Catch a list of specific exception subtypes instead.","eventGroup":[]},{"startLine":25,"startCol":24,"endLine":25,"endCol":34,"severity":3,"suppressionHash":2781229409283148397,"sourceHash":"03575b56f524b03bd909421396d452b0","ruleSet":"Java CWE ruleset","rule":"S2384","path":"src/main/java/com/codescroll/notification/service/message/ChangeDefectsMessageGeneratorImpl.java","message":"Store a copy of \"defectInfos\".","eventGroup":[]},{"startLine":24,"startCol":27,"endLine":24,"endCol":39,"severity":1,"suppressionHash":394470688284494303,"sourceHash":"3b3dc47e45dcf5ff9289880bf46ae1a8","ruleSet":"Java CWE ruleset","rule":"S4823","path":"src/main/java/com/codescroll/notification/NotificationApplication.java","message":"Make sure that command line arguments are used safely here.","eventGroup":[[{"startLine":36,"startCol":57,"endLine":36,"endCol":61,"path":"src/main/java/com/codescroll/notification/NotificationApplication.java","message":"","sourceHash":"3b3dc47e45dcf5ff9289880bf46ae1a8","orderNo":1}]]},{"startLine":30,"startCol":18,"endLine":30,"endCol":64,"severity":2,"suppressionHash":-7861363641937942361,"sourceHash":"3b3dc47e45dcf5ff9289880bf46ae1a8","ruleSet":"Java CWE ruleset","rule":"S1854","path":"src/main/java/com/codescroll/notification/NotificationApplication.java","message":"Remove this useless assignment to local variable \"uri\".","eventGroup":[]},{"startLine":63,"startCol":14,"endLine":63,"endCol":24,"severity":2,"suppressionHash":8634632732605690547,"sourceHash":"28cdb3869cb41594f058041e20347194","ruleSet":"Java CWE ruleset","rule":"S1166","path":"src/main/java/com/codescroll/notification/sender/MailSenderWrapper.java","message":"Either log or rethrow this exception.","eventGroup":[]},{"startLine":40,"startCol":7,"endLine":41,"endCol":47,"severity":1,"suppressionHash":-2429582258693651660,"sourceHash":"28cdb3869cb41594f058041e20347194","ruleSet":"Java CWE ruleset","rule":"S4499","path":"src/main/java/com/codescroll/notification/sender/MailSenderWrapper.java","message":"Enable server identity validation, set \"mail.smtp.ssl.checkserveridentity\" to true","eventGroup":[]},{"startLine":55,"startCol":14,"endLine":55,"endCol":34,"severity":2,"suppressionHash":4321375461577502092,"sourceHash":"96b4b89300277314b17cbfd40fc519aa","ruleSet":"Java CWE ruleset","rule":"S1166","path":"src/main/java/com/codescroll/notification/controller/MailServerConfigController.java","message":"Either log or rethrow this exception.","eventGroup":[]},{"startLine":57,"startCol":14,"endLine":57,"endCol":24,"severity":2,"suppressionHash":8632563018382820126,"sourceHash":"96b4b89300277314b17cbfd40fc519aa","ruleSet":"Java CWE ruleset","rule":"S1166","path":"src/main/java/com/codescroll/notification/controller/MailServerConfigController.java","message":"Either log or rethrow this exception.","eventGroup":[]},{"startLine":18,"startCol":2,"endLine":18,"endCol":12,"severity":3,"suppressionHash":-7388921158155590237,"sourceHash":"96b4b89300277314b17cbfd40fc519aa","ruleSet":"Java CWE ruleset","rule":"S5122","path":"src/main/java/com/codescroll/notification/controller/MailServerConfigController.java","message":"Make sure that enabling CORS is safe here.","eventGroup":[]},{"startLine":57,"startCol":14,"endLine":57,"endCol":22,"severity":3,"suppressionHash":-1619204726368572784,"sourceHash":"96b4b89300277314b17cbfd40fc519aa","ruleSet":"Java CWE ruleset","rule":"S2221","path":"src/main/java/com/codescroll/notification/controller/MailServerConfigController.java","message":"Catch a list of specific exception subtypes instead.","eventGroup":[]},{"startLine":18,"startCol":2,"endLine":18,"endCol":12,"severity":3,"suppressionHash":-624631897127346080,"sourceHash":"b24f0770700a8b832aef3ad65efe39e2","ruleSet":"Java CWE ruleset","rule":"S5122","path":"src/main/java/com/codescroll/notification/controller/ChangeDefectsNotifyController.java","message":"Make sure that enabling CORS is safe here.","eventGroup":[]},{"startLine":58,"startCol":14,"endLine":58,"endCol":24,"severity":2,"suppressionHash":-4858567091412090098,"sourceHash":"f64c3c4ef05e03512b400b63243f8183","ruleSet":"Java CWE ruleset","rule":"S1166","path":"src/main/java/com/codescroll/notification/service/change/defects/ChangeDefectsService.java","message":"Either log or rethrow this exception.","eventGroup":[]},{"startLine":59,"startCol":9,"endLine":59,"endCol":23,"severity":3,"suppressionHash":4611763200571499619,"sourceHash":"f64c3c4ef05e03512b400b63243f8183","ruleSet":"Java CWE ruleset","rule":"S1148","path":"src/main/java/com/codescroll/notification/service/change/defects/ChangeDefectsService.java","message":"Use a logger to log this exception.","eventGroup":[]}]