[{"startLine":20,"startCol":-1,"endLine":20,"endCol":-1,"severity":2,"suppressionHash":1376567334336478666,"sourceHash":"736cb6e6a17db1d5b6fa661974e9c9cd","ruleSet":"StyleCop","rule":"SA1001","path":"C:\\Users\\ysgo\\Desktop\\Selenium\\STATIC_Automation\\src\\csharp\\Compatibility\\English\\Tetris\\Tetris.ConsoleUI\\ConsoleDrawing.cs","message":"Commas should be followed by whitespace.","eventGroup":[]},{"startLine":21,"startCol":-1,"endLine":21,"endCol":-1,"severity":2,"suppressionHash":-1660845691639693512,"sourceHash":"736cb6e6a17db1d5b6fa661974e9c9cd","ruleSet":"StyleCop","rule":"SA1001","path":"C:\\Users\\ysgo\\Desktop\\Selenium\\STATIC_Automation\\src\\csharp\\Compatibility\\English\\Tetris\\Tetris.ConsoleUI\\ConsoleDrawing.cs","message":"Commas should be followed by whitespace.","eventGroup":[]},{"startLine":22,"startCol":-1,"endLine":22,"endCol":-1,"severity":2,"suppressionHash":3421452547390199598,"sourceHash":"736cb6e6a17db1d5b6fa661974e9c9cd","ruleSet":"StyleCop","rule":"SA1001","path":"C:\\Users\\ysgo\\Desktop\\Selenium\\STATIC_Automation\\src\\csharp\\Compatibility\\English\\Tetris\\Tetris.ConsoleUI\\ConsoleDrawing.cs","message":"Commas should be followed by whitespace.","eventGroup":[]},{"startLine":23,"startCol":-1,"endLine":23,"endCol":-1,"severity":2,"suppressionHash":97692210695012296,"sourceHash":"736cb6e6a17db1d5b6fa661974e9c9cd","ruleSet":"StyleCop","rule":"SA1001","path":"C:\\Users\\ysgo\\Desktop\\Selenium\\STATIC_Automation\\src\\csharp\\Compatibility\\English\\Tetris\\Tetris.ConsoleUI\\ConsoleDrawing.cs","message":"Commas should be followed by whitespace.","eventGroup":[]},{"startLine":30,"startCol":-1,"endLine":30,"endCol":-1,"severity":2,"suppressionHash":5752406776997567234,"sourceHash":"736cb6e6a17db1d5b6fa661974e9c9cd","ruleSet":"StyleCop","rule":"SA1005","path":"C:\\Users\\ysgo\\Desktop\\Selenium\\STATIC_Automation\\src\\csharp\\Compatibility\\English\\Tetris\\Tetris.ConsoleUI\\ConsoleDrawing.cs","message":"Single line comment should begin with a space.","eventGroup":[]},{"startLine":34,"startCol":-1,"endLine":34,"endCol":-1,"severity":2,"suppressionHash":-5799015136257536494,"sourceHash":"736cb6e6a17db1d5b6fa661974e9c9cd","ruleSet":"StyleCop","rule":"SA1005","path":"C:\\Users\\ysgo\\Desktop\\Selenium\\STATIC_Automation\\src\\csharp\\Compatibility\\English\\Tetris\\Tetris.ConsoleUI\\ConsoleDrawing.cs","message":"Single line comment should begin with a space.","eventGroup":[]},{"startLine":37,"startCol":-1,"endLine":37,"endCol":-1,"severity":2,"suppressionHash":6237288917277748220,"sourceHash":"736cb6e6a17db1d5b6fa661974e9c9cd","ruleSet":"StyleCop","rule":"SA1005","path":"C:\\Users\\ysgo\\Desktop\\Selenium\\STATIC_Automation\\src\\csharp\\Compatibility\\English\\Tetris\\Tetris.ConsoleUI\\ConsoleDrawing.cs","message":"Single line comment should begin with a space.","eventGroup":[]},{"startLine":40,"startCol":-1,"endLine":40,"endCol":-1,"severity":2,"suppressionHash":-7341966654640799516,"sourceHash":"736cb6e6a17db1d5b6fa661974e9c9cd","ruleSet":"StyleCop","rule":"SA1005","path":"C:\\Users\\ysgo\\Desktop\\Selenium\\STATIC_Automation\\src\\csharp\\Compatibility\\English\\Tetris\\Tetris.ConsoleUI\\ConsoleDrawing.cs","message":"Single line comment should begin with a space.","eventGroup":[]},{"startLine":44,"startCol":-1,"endLine":44,"endCol":-1,"severity":2,"suppressionHash":5277059711844811388,"sourceHash":"736cb6e6a17db1d5b6fa661974e9c9cd","ruleSet":"StyleCop","rule":"SA1005","path":"C:\\Users\\ysgo\\Desktop\\Selenium\\STATIC_Automation\\src\\csharp\\Compatibility\\English\\Tetris\\Tetris.ConsoleUI\\ConsoleDrawing.cs","message":"Single line comment should begin with a space.","eventGroup":[]},{"startLine":55,"startCol":-1,"endLine":55,"endCol":-1,"severity":2,"suppressionHash":8229284812029755344,"sourceHash":"736cb6e6a17db1d5b6fa661974e9c9cd","ruleSet":"StyleCop","rule":"SA1005","path":"C:\\Users\\ysgo\\Desktop\\Selenium\\STATIC_Automation\\src\\csharp\\Compatibility\\English\\Tetris\\Tetris.ConsoleUI\\ConsoleDrawing.cs","message":"Single line comment should begin with a space.","eventGroup":[]},{"startLine":62,"startCol":-1,"endLine":62,"endCol":-1,"severity":2,"suppressionHash":6024032503841275824,"sourceHash":"736cb6e6a17db1d5b6fa661974e9c9cd","ruleSet":"StyleCop","rule":"SA1005","path":"C:\\Users\\ysgo\\Desktop\\Selenium\\STATIC_Automation\\src\\csharp\\Compatibility\\English\\Tetris\\Tetris.ConsoleUI\\ConsoleDrawing.cs","message":"Single line comment should begin with a space.","eventGroup":[]},{"startLine":121,"startCol":-1,"endLine":121,"endCol":-1,"severity":2,"suppressionHash":5374471698193405534,"sourceHash":"736cb6e6a17db1d5b6fa661974e9c9cd","ruleSet":"StyleCop","rule":"SA1005","path":"C:\\Users\\ysgo\\Desktop\\Selenium\\STATIC_Automation\\src\\csharp\\Compatibility\\English\\Tetris\\Tetris.ConsoleUI\\ConsoleDrawing.cs","message":"Single line comment should begin with a space.","eventGroup":[]},{"startLine":18,"startCol":-1,"endLine":18,"endCol":-1,"severity":2,"suppressionHash":-2180031064989367213,"sourceHash":"71c81f26185370445d40feebe9c4fc34","ruleSet":"StyleCop","rule":"SA1005","path":"C:\\Users\\ysgo\\Desktop\\Selenium\\STATIC_Automation\\src\\csharp\\Compatibility\\English\\Tetris\\Tetris.ConsoleUI\\Program.cs","message":"Single line comment should begin with a space.","eventGroup":[]},{"startLine":41,"startCol":-1,"endLine":41,"endCol":-1,"severity":2,"suppressionHash":8691539735438902339,"sourceHash":"71c81f26185370445d40feebe9c4fc34","ruleSet":"StyleCop","rule":"SA1008","path":"C:\\Users\\ysgo\\Desktop\\Selenium\\STATIC_Automation\\src\\csharp\\Compatibility\\English\\Tetris\\Tetris.ConsoleUI\\Program.cs","message":"Opening parenthesis should not be followed by a space.","eventGroup":[]},{"startLine":113,"startCol":-1,"endLine":113,"endCol":-1,"severity":2,"suppressionHash":-1491662406143185965,"sourceHash":"71c81f26185370445d40feebe9c4fc34","ruleSet":"StyleCop","rule":"SA1008","path":"C:\\Users\\ysgo\\Desktop\\Selenium\\STATIC_Automation\\src\\csharp\\Compatibility\\English\\Tetris\\Tetris.ConsoleUI\\Program.cs","message":"Opening parenthesis should not be followed by a space.","eventGroup":[]},{"startLine":41,"startCol":-1,"endLine":41,"endCol":-1,"severity":2,"suppressionHash":2521776963345748821,"sourceHash":"71c81f26185370445d40feebe9c4fc34","ruleSet":"StyleCop","rule":"SA1009","path":"C:\\Users\\ysgo\\Desktop\\Selenium\\STATIC_Automation\\src\\csharp\\Compatibility\\English\\Tetris\\Tetris.ConsoleUI\\Program.cs","message":"Closing parenthesis should not be preceded by a space.","eventGroup":[]},{"startLine":41,"startCol":-1,"endLine":41,"endCol":-1,"severity":2,"suppressionHash":1729888374556306583,"sourceHash":"71c81f26185370445d40feebe9c4fc34","ruleSet":"StyleCop","rule":"SA1009","path":"C:\\Users\\ysgo\\Desktop\\Selenium\\STATIC_Automation\\src\\csharp\\Compatibility\\English\\Tetris\\Tetris.ConsoleUI\\Program.cs","message":"Closing parenthesis should not be followed by a space.","eventGroup":[]},{"startLine":113,"startCol":-1,"endLine":113,"endCol":-1,"severity":2,"suppressionHash":6613483478786116205,"sourceHash":"71c81f26185370445d40feebe9c4fc34","ruleSet":"StyleCop","rule":"SA1009","path":"C:\\Users\\ysgo\\Desktop\\Selenium\\STATIC_Automation\\src\\csharp\\Compatibility\\English\\Tetris\\Tetris.ConsoleUI\\Program.cs","message":"Closing parenthesis should not be preceded by a space.","eventGroup":[]},{"startLine":113,"startCol":-1,"endLine":113,"endCol":-1,"severity":2,"suppressionHash":-3607427457930962705,"sourceHash":"71c81f26185370445d40feebe9c4fc34","ruleSet":"StyleCop","rule":"SA1009","path":"C:\\Users\\ysgo\\Desktop\\Selenium\\STATIC_Automation\\src\\csharp\\Compatibility\\English\\Tetris\\Tetris.ConsoleUI\\Program.cs","message":"Closing parenthesis should not be followed by a space.","eventGroup":[]},{"startLine":20,"startCol":-1,"endLine":20,"endCol":-1,"severity":2,"suppressionHash":2275170744144317845,"sourceHash":"736cb6e6a17db1d5b6fa661974e9c9cd","ruleSet":"StyleCop","rule":"SA1012","path":"C:\\Users\\ysgo\\Desktop\\Selenium\\STATIC_Automation\\src\\csharp\\Compatibility\\English\\Tetris\\Tetris.ConsoleUI\\ConsoleDrawing.cs","message":"Opening brace should be followed by a space.","eventGroup":[]},{"startLine":21,"startCol":-1,"endLine":21,"endCol":-1,"severity":2,"suppressionHash":1493656921435357215,"sourceHash":"736cb6e6a17db1d5b6fa661974e9c9cd","ruleSet":"StyleCop","rule":"SA1012","path":"C:\\Users\\ysgo\\Desktop\\Selenium\\STATIC_Automation\\src\\csharp\\Compatibility\\English\\Tetris\\Tetris.ConsoleUI\\ConsoleDrawing.cs","message":"Opening brace should be followed by a space.","eventGroup":[]},{"startLine":22,"startCol":-1,"endLine":22,"endCol":-1,"severity":2,"suppressionHash":3690095100433145113,"sourceHash":"736cb6e6a17db1d5b6fa661974e9c9cd","ruleSet":"StyleCop","rule":"SA1012","path":"C:\\Users\\ysgo\\Desktop\\Selenium\\STATIC_Automation\\src\\csharp\\Compatibility\\English\\Tetris\\Tetris.ConsoleUI\\ConsoleDrawing.cs","message":"Opening brace should be followed by a space.","eventGroup":[]},{"startLine":23,"startCol":-1,"endLine":23,"endCol":-1,"severity":2,"suppressionHash":8305694970973846671,"sourceHash":"736cb6e6a17db1d5b6fa661974e9c9cd","ruleSet":"StyleCop","rule":"SA1012","path":"C:\\Users\\ysgo\\Desktop\\Selenium\\STATIC_Automation\\src\\csharp\\Compatibility\\English\\Tetris\\Tetris.ConsoleUI\\ConsoleDrawing.cs","message":"Opening brace should be followed by a space.","eventGroup":[]},{"startLine":20,"startCol":-1,"endLine":20,"endCol":-1,"severity":2,"suppressionHash":-2318565201229623429,"sourceHash":"736cb6e6a17db1d5b6fa661974e9c9cd","ruleSet":"StyleCop","rule":"SA1013","path":"C:\\Users\\ysgo\\Desktop\\Selenium\\STATIC_Automation\\src\\csharp\\Compatibility\\English\\Tetris\\Tetris.ConsoleUI\\ConsoleDrawing.cs","message":"Closing brace should be preceded by a space.","eventGroup":[]},{"startLine":21,"startCol":-1,"endLine":21,"endCol":-1,"severity":2,"suppressionHash":-4968847251283819619,"sourceHash":"736cb6e6a17db1d5b6fa661974e9c9cd","ruleSet":"StyleCop","rule":"SA1013","path":"C:\\Users\\ysgo\\Desktop\\Selenium\\STATIC_Automation\\src\\csharp\\Compatibility\\English\\Tetris\\Tetris.ConsoleUI\\ConsoleDrawing.cs","message":"Closing brace should be preceded by a space.","eventGroup":[]},{"startLine":22,"startCol":-1,"endLine":22,"endCol":-1,"severity":2,"suppressionHash":1451682743765300075,"sourceHash":"736cb6e6a17db1d5b6fa661974e9c9cd","ruleSet":"StyleCop","rule":"SA1013","path":"C:\\Users\\ysgo\\Desktop\\Selenium\\STATIC_Automation\\src\\csharp\\Compatibility\\English\\Tetris\\Tetris.ConsoleUI\\ConsoleDrawing.cs","message":"Closing brace should be preceded by a space.","eventGroup":[]},{"startLine":23,"startCol":-1,"endLine":23,"endCol":-1,"severity":2,"suppressionHash":-2253654545270456871,"sourceHash":"736cb6e6a17db1d5b6fa661974e9c9cd","ruleSet":"StyleCop","rule":"SA1013","path":"C:\\Users\\ysgo\\Desktop\\Selenium\\STATIC_Automation\\src\\csharp\\Compatibility\\English\\Tetris\\Tetris.ConsoleUI\\ConsoleDrawing.cs","message":"Closing brace should be preceded by a space.","eventGroup":[]},{"startLine":11,"startCol":-1,"endLine":11,"endCol":-1,"severity":2,"suppressionHash":-1652020285046273569,"sourceHash":"71c81f26185370445d40feebe9c4fc34","ruleSet":"StyleCop","rule":"SA1025","path":"C:\\Users\\ysgo\\Desktop\\Selenium\\STATIC_Automation\\src\\csharp\\Compatibility\\English\\Tetris\\Tetris.ConsoleUI\\Program.cs","message":"Code should not contain multiple whitespace characters in a row.","eventGroup":[]},{"startLine":12,"startCol":-1,"endLine":12,"endCol":-1,"severity":2,"suppressionHash":2419548683844058141,"sourceHash":"71c81f26185370445d40feebe9c4fc34","ruleSet":"StyleCop","rule":"SA1025","path":"C:\\Users\\ysgo\\Desktop\\Selenium\\STATIC_Automation\\src\\csharp\\Compatibility\\English\\Tetris\\Tetris.ConsoleUI\\Program.cs","message":"Code should not contain multiple whitespace characters in a row.","eventGroup":[]},{"startLine":5,"startCol":-1,"endLine":5,"endCol":-1,"severity":2,"suppressionHash":-2968219648817188527,"sourceHash":"8c1d929de12e0ef19205c9411338bee4","ruleSet":"StyleCop","rule":"SA1028","path":"C:\\Users\\ysgo\\Desktop\\Selenium\\STATIC_Automation\\src\\csharp\\Compatibility\\English\\Tetris\\Tetris.ConsoleUI\\Properties\\AssemblyInfo.cs","message":"Code should not contain trailing whitespace","eventGroup":[]},{"startLine":17,"startCol":-1,"endLine":17,"endCol":-1,"severity":2,"suppressionHash":-6428494605211780133,"sourceHash":"8c1d929de12e0ef19205c9411338bee4","ruleSet":"StyleCop","rule":"SA1028","path":"C:\\Users\\ysgo\\Desktop\\Selenium\\STATIC_Automation\\src\\csharp\\Compatibility\\English\\Tetris\\Tetris.ConsoleUI\\Properties\\AssemblyInfo.cs","message":"Code should not contain trailing whitespace","eventGroup":[]},{"startLine":18,"startCol":-1,"endLine":18,"endCol":-1,"severity":2,"suppressionHash":-1094959204348518611,"sourceHash":"8c1d929de12e0ef19205c9411338bee4","ruleSet":"StyleCop","rule":"SA1028","path":"C:\\Users\\ysgo\\Desktop\\Selenium\\STATIC_Automation\\src\\csharp\\Compatibility\\English\\Tetris\\Tetris.ConsoleUI\\Properties\\AssemblyInfo.cs","message":"Code should not contain trailing whitespace","eventGroup":[]},{"startLine":28,"startCol":-1,"endLine":28,"endCol":-1,"severity":2,"suppressionHash":294039019870741855,"sourceHash":"8c1d929de12e0ef19205c9411338bee4","ruleSet":"StyleCop","rule":"SA1028","path":"C:\\Users\\ysgo\\Desktop\\Selenium\\STATIC_Automation\\src\\csharp\\Compatibility\\English\\Tetris\\Tetris.ConsoleUI\\Properties\\AssemblyInfo.cs","message":"Code should not contain trailing whitespace","eventGroup":[]},{"startLine":32,"startCol":-1,"endLine":32,"endCol":-1,"severity":2,"suppressionHash":7972537881640472765,"sourceHash":"8c1d929de12e0ef19205c9411338bee4","ruleSet":"StyleCop","rule":"SA1028","path":"C:\\Users\\ysgo\\Desktop\\Selenium\\STATIC_Automation\\src\\csharp\\Compatibility\\English\\Tetris\\Tetris.ConsoleUI\\Properties\\AssemblyInfo.cs","message":"Code should not contain trailing whitespace","eventGroup":[]},{"startLine":42,"startCol":-1,"endLine":42,"endCol":-1,"severity":2,"suppressionHash":-6385008582455668855,"sourceHash":"736cb6e6a17db1d5b6fa661974e9c9cd","ruleSet":"StyleCop","rule":"SA1101","path":"C:\\Users\\ysgo\\Desktop\\Selenium\\STATIC_Automation\\src\\csharp\\Compatibility\\English\\Tetris\\Tetris.ConsoleUI\\ConsoleDrawing.cs","message":"Prefix local calls with this","eventGroup":[]},{"startLine":47,"startCol":-1,"endLine":47,"endCol":-1,"severity":2,"suppressionHash":6996935715575227627,"sourceHash":"736cb6e6a17db1d5b6fa661974e9c9cd","ruleSet":"StyleCop","rule":"SA1101","path":"C:\\Users\\ysgo\\Desktop\\Selenium\\STATIC_Automation\\src\\csharp\\Compatibility\\English\\Tetris\\Tetris.ConsoleUI\\ConsoleDrawing.cs","message":"Prefix local calls with this","eventGroup":[]},{"startLine":52,"startCol":-1,"endLine":52,"endCol":-1,"severity":2,"suppressionHash":9170179420571393071,"sourceHash":"736cb6e6a17db1d5b6fa661974e9c9cd","ruleSet":"StyleCop","rule":"SA1101","path":"C:\\Users\\ysgo\\Desktop\\Selenium\\STATIC_Automation\\src\\csharp\\Compatibility\\English\\Tetris\\Tetris.ConsoleUI\\ConsoleDrawing.cs","message":"Prefix local calls with this","eventGroup":[]},{"startLine":92,"startCol":-1,"endLine":92,"endCol":-1,"severity":2,"suppressionHash":2093672031724815268,"sourceHash":"736cb6e6a17db1d5b6fa661974e9c9cd","ruleSet":"StyleCop","rule":"SA1106","path":"C:\\Users\\ysgo\\Desktop\\Selenium\\STATIC_Automation\\src\\csharp\\Compatibility\\English\\Tetris\\Tetris.ConsoleUI\\ConsoleDrawing.cs","message":"Code should not contain empty statements","eventGroup":[]},{"startLine":10,"startCol":-1,"endLine":10,"endCol":-1,"severity":2,"suppressionHash":-7017077051186163120,"sourceHash":"736cb6e6a17db1d5b6fa661974e9c9cd","ruleSet":"StyleCop","rule":"SA1124","path":"C:\\Users\\ysgo\\Desktop\\Selenium\\STATIC_Automation\\src\\csharp\\Compatibility\\English\\Tetris\\Tetris.ConsoleUI\\ConsoleDrawing.cs","message":"Do not use regions","eventGroup":[]},{"startLine":60,"startCol":-1,"endLine":60,"endCol":-1,"severity":2,"suppressionHash":-8365307332125007990,"sourceHash":"736cb6e6a17db1d5b6fa661974e9c9cd","ruleSet":"StyleCop","rule":"SA1124","path":"C:\\Users\\ysgo\\Desktop\\Selenium\\STATIC_Automation\\src\\csharp\\Compatibility\\English\\Tetris\\Tetris.ConsoleUI\\ConsoleDrawing.cs","message":"Do not use regions","eventGroup":[]},{"startLine":1,"startCol":-1,"endLine":1,"endCol":-1,"severity":2,"suppressionHash":8115842059110169295,"sourceHash":"736cb6e6a17db1d5b6fa661974e9c9cd","ruleSet":"StyleCop","rule":"SA1200","path":"C:\\Users\\ysgo\\Desktop\\Selenium\\STATIC_Automation\\src\\csharp\\Compatibility\\English\\Tetris\\Tetris.ConsoleUI\\ConsoleDrawing.cs","message":"Using directive should appear within a namespace declaration","eventGroup":[]},{"startLine":2,"startCol":-1,"endLine":2,"endCol":-1,"severity":2,"suppressionHash":4947375900724334519,"sourceHash":"736cb6e6a17db1d5b6fa661974e9c9cd","ruleSet":"StyleCop","rule":"SA1200","path":"C:\\Users\\ysgo\\Desktop\\Selenium\\STATIC_Automation\\src\\csharp\\Compatibility\\English\\Tetris\\Tetris.ConsoleUI\\ConsoleDrawing.cs","message":"Using directive should appear within a namespace declaration","eventGroup":[]},{"startLine":3,"startCol":-1,"endLine":3,"endCol":-1,"severity":2,"suppressionHash":1223140713991902043,"sourceHash":"736cb6e6a17db1d5b6fa661974e9c9cd","ruleSet":"StyleCop","rule":"SA1200","path":"C:\\Users\\ysgo\\Desktop\\Selenium\\STATIC_Automation\\src\\csharp\\Compatibility\\English\\Tetris\\Tetris.ConsoleUI\\ConsoleDrawing.cs","message":"Using directive should appear within a namespace declaration","eventGroup":[]},{"startLine":4,"startCol":-1,"endLine":4,"endCol":-1,"severity":2,"suppressionHash":-1852918546846245821,"sourceHash":"736cb6e6a17db1d5b6fa661974e9c9cd","ruleSet":"StyleCop","rule":"SA1200","path":"C:\\Users\\ysgo\\Desktop\\Selenium\\STATIC_Automation\\src\\csharp\\Compatibility\\English\\Tetris\\Tetris.ConsoleUI\\ConsoleDrawing.cs","message":"Using directive should appear within a namespace declaration","eventGroup":[]},{"startLine":1,"startCol":-1,"endLine":1,"endCol":-1,"severity":2,"suppressionHash":8266938347246691799,"sourceHash":"ea960ca6562b7b1c4e12b3d1e14b550d","ruleSet":"StyleCop","rule":"SA1200","path":"C:\\Users\\ysgo\\Desktop\\Selenium\\STATIC_Automation\\src\\csharp\\Compatibility\\English\\Tetris\\Tetris.ConsoleUI\\Interfaces\\IDrawing.cs","message":"Using directive should appear within a namespace declaration","eventGroup":[]},{"startLine":2,"startCol":-1,"endLine":2,"endCol":-1,"severity":2,"suppressionHash":-2569973764378996001,"sourceHash":"ea960ca6562b7b1c4e12b3d1e14b550d","ruleSet":"StyleCop","rule":"SA1200","path":"C:\\Users\\ysgo\\Desktop\\Selenium\\STATIC_Automation\\src\\csharp\\Compatibility\\English\\Tetris\\Tetris.ConsoleUI\\Interfaces\\IDrawing.cs","message":"Using directive should appear within a namespace declaration","eventGroup":[]},{"startLine":3,"startCol":-1,"endLine":3,"endCol":-1,"severity":2,"suppressionHash":1323670094788719171,"sourceHash":"ea960ca6562b7b1c4e12b3d1e14b550d","ruleSet":"StyleCop","rule":"SA1200","path":"C:\\Users\\ysgo\\Desktop\\Selenium\\STATIC_Automation\\src\\csharp\\Compatibility\\English\\Tetris\\Tetris.ConsoleUI\\Interfaces\\IDrawing.cs","message":"Using directive should appear within a namespace declaration","eventGroup":[]},{"startLine":4,"startCol":-1,"endLine":4,"endCol":-1,"severity":2,"suppressionHash":7724693443063973003,"sourceHash":"ea960ca6562b7b1c4e12b3d1e14b550d","ruleSet":"StyleCop","rule":"SA1200","path":"C:\\Users\\ysgo\\Desktop\\Selenium\\STATIC_Automation\\src\\csharp\\Compatibility\\English\\Tetris\\Tetris.ConsoleUI\\Interfaces\\IDrawing.cs","message":"Using directive should appear within a namespace declaration","eventGroup":[]},{"startLine":5,"startCol":-1,"endLine":5,"endCol":-1,"severity":2,"suppressionHash":-5950793533046573969,"sourceHash":"ea960ca6562b7b1c4e12b3d1e14b550d","ruleSet":"StyleCop","rule":"SA1200","path":"C:\\Users\\ysgo\\Desktop\\Selenium\\STATIC_Automation\\src\\csharp\\Compatibility\\English\\Tetris\\Tetris.ConsoleUI\\Interfaces\\IDrawing.cs","message":"Using directive should appear within a namespace declaration","eventGroup":[]},{"startLine":6,"startCol":-1,"endLine":6,"endCol":-1,"severity":2,"suppressionHash":-5182356818137430345,"sourceHash":"ea960ca6562b7b1c4e12b3d1e14b550d","ruleSet":"StyleCop","rule":"SA1200","path":"C:\\Users\\ysgo\\Desktop\\Selenium\\STATIC_Automation\\src\\csharp\\Compatibility\\English\\Tetris\\Tetris.ConsoleUI\\Interfaces\\IDrawing.cs","message":"Using directive should appear within a namespace declaration","eventGroup":[]},{"startLine":1,"startCol":-1,"endLine":1,"endCol":-1,"severity":2,"suppressionHash":-1590302161476220690,"sourceHash":"71c81f26185370445d40feebe9c4fc34","ruleSet":"StyleCop","rule":"SA1200","path":"C:\\Users\\ysgo\\Desktop\\Selenium\\STATIC_Automation\\src\\csharp\\Compatibility\\English\\Tetris\\Tetris.ConsoleUI\\Program.cs","message":"Using directive should appear within a namespace declaration","eventGroup":[]},{"startLine":2,"startCol":-1,"endLine":2,"endCol":-1,"severity":2,"suppressionHash":1620623615230467878,"sourceHash":"71c81f26185370445d40feebe9c4fc34","ruleSet":"StyleCop","rule":"SA1200","path":"C:\\Users\\ysgo\\Desktop\\Selenium\\STATIC_Automation\\src\\csharp\\Compatibility\\English\\Tetris\\Tetris.ConsoleUI\\Program.cs","message":"Using directive should appear within a namespace declaration","eventGroup":[]},{"startLine":3,"startCol":-1,"endLine":3,"endCol":-1,"severity":2,"suppressionHash":918303452116766610,"sourceHash":"71c81f26185370445d40feebe9c4fc34","ruleSet":"StyleCop","rule":"SA1200","path":"C:\\Users\\ysgo\\Desktop\\Selenium\\STATIC_Automation\\src\\csharp\\Compatibility\\English\\Tetris\\Tetris.ConsoleUI\\Program.cs","message":"Using directive should appear within a namespace declaration","eventGroup":[]},{"startLine":4,"startCol":-1,"endLine":4,"endCol":-1,"severity":2,"suppressionHash":-4775172836171506334,"sourceHash":"71c81f26185370445d40feebe9c4fc34","ruleSet":"StyleCop","rule":"SA1200","path":"C:\\Users\\ysgo\\Desktop\\Selenium\\STATIC_Automation\\src\\csharp\\Compatibility\\English\\Tetris\\Tetris.ConsoleUI\\Program.cs","message":"Using directive should appear within a namespace declaration","eventGroup":[]},{"startLine":63,"startCol":-1,"endLine":63,"endCol":-1,"severity":2,"suppressionHash":-8980115976778166536,"sourceHash":"736cb6e6a17db1d5b6fa661974e9c9cd","ruleSet":"StyleCop","rule":"SA1204","path":"C:\\Users\\ysgo\\Desktop\\Selenium\\STATIC_Automation\\src\\csharp\\Compatibility\\English\\Tetris\\Tetris.ConsoleUI\\ConsoleDrawing.cs","message":"Static members should appear before non-static members","eventGroup":[]},{"startLine":178,"startCol":-1,"endLine":178,"endCol":-1,"severity":2,"suppressionHash":3408931170982441780,"sourceHash":"736cb6e6a17db1d5b6fa661974e9c9cd","ruleSet":"StyleCop","rule":"SA1204","path":"C:\\Users\\ysgo\\Desktop\\Selenium\\STATIC_Automation\\src\\csharp\\Compatibility\\English\\Tetris\\Tetris.ConsoleUI\\ConsoleDrawing.cs","message":"Static members should appear before non-static members","eventGroup":[]},{"startLine":4,"startCol":-1,"endLine":4,"endCol":-1,"severity":2,"suppressionHash":7620740379002400529,"sourceHash":"71c81f26185370445d40feebe9c4fc34","ruleSet":"StyleCop","rule":"SA1208","path":"C:\\Users\\ysgo\\Desktop\\Selenium\\STATIC_Automation\\src\\csharp\\Compatibility\\English\\Tetris\\Tetris.ConsoleUI\\Program.cs","message":"Using directive for \u0027System.Timers\u0027 should appear before directive for \u0027Tetris.GameEngine\u0027","eventGroup":[]},{"startLine":2,"startCol":-1,"endLine":2,"endCol":-1,"severity":2,"suppressionHash":-4223124218889150696,"sourceHash":"736cb6e6a17db1d5b6fa661974e9c9cd","ruleSet":"StyleCop","rule":"SA1210","path":"C:\\Users\\ysgo\\Desktop\\Selenium\\STATIC_Automation\\src\\csharp\\Compatibility\\English\\Tetris\\Tetris.ConsoleUI\\ConsoleDrawing.cs","message":"Using directives should be ordered alphabetically by the namespaces.","eventGroup":[]},{"startLine":3,"startCol":-1,"endLine":3,"endCol":-1,"severity":2,"suppressionHash":5430958632936883804,"sourceHash":"736cb6e6a17db1d5b6fa661974e9c9cd","ruleSet":"StyleCop","rule":"SA1210","path":"C:\\Users\\ysgo\\Desktop\\Selenium\\STATIC_Automation\\src\\csharp\\Compatibility\\English\\Tetris\\Tetris.ConsoleUI\\ConsoleDrawing.cs","message":"Using directives should be ordered alphabetically by the namespaces.","eventGroup":[]},{"startLine":14,"startCol":-1,"endLine":14,"endCol":-1,"severity":2,"suppressionHash":8269993138510276806,"sourceHash":"71c81f26185370445d40feebe9c4fc34","ruleSet":"StyleCop","rule":"SA1214","path":"C:\\Users\\ysgo\\Desktop\\Selenium\\STATIC_Automation\\src\\csharp\\Compatibility\\English\\Tetris\\Tetris.ConsoleUI\\Program.cs","message":"Readonly fields should appear before non-readonly fields","eventGroup":[]},{"startLine":10,"startCol":-1,"endLine":10,"endCol":-1,"severity":2,"suppressionHash":-2570604189265499053,"sourceHash":"71c81f26185370445d40feebe9c4fc34","ruleSet":"StyleCop","rule":"SA1309","path":"C:\\Users\\ysgo\\Desktop\\Selenium\\STATIC_Automation\\src\\csharp\\Compatibility\\English\\Tetris\\Tetris.ConsoleUI\\Program.cs","message":"Field \u0027_game\u0027 should not begin with an underscore","eventGroup":[]},{"startLine":11,"startCol":-1,"endLine":11,"endCol":-1,"severity":2,"suppressionHash":-7520166290750821204,"sourceHash":"71c81f26185370445d40feebe9c4fc34","ruleSet":"StyleCop","rule":"SA1309","path":"C:\\Users\\ysgo\\Desktop\\Selenium\\STATIC_Automation\\src\\csharp\\Compatibility\\English\\Tetris\\Tetris.ConsoleUI\\Program.cs","message":"Field \u0027_drawer\u0027 should not begin with an underscore","eventGroup":[]},{"startLine":12,"startCol":-1,"endLine":12,"endCol":-1,"severity":2,"suppressionHash":-2757868870462808484,"sourceHash":"71c81f26185370445d40feebe9c4fc34","ruleSet":"StyleCop","rule":"SA1309","path":"C:\\Users\\ysgo\\Desktop\\Selenium\\STATIC_Automation\\src\\csharp\\Compatibility\\English\\Tetris\\Tetris.ConsoleUI\\Program.cs","message":"Field \u0027_gameTimer\u0027 should not begin with an underscore","eventGroup":[]},{"startLine":13,"startCol":-1,"endLine":13,"endCol":-1,"severity":2,"suppressionHash":-208037644748698926,"sourceHash":"71c81f26185370445d40feebe9c4fc34","ruleSet":"StyleCop","rule":"SA1309","path":"C:\\Users\\ysgo\\Desktop\\Selenium\\STATIC_Automation\\src\\csharp\\Compatibility\\English\\Tetris\\Tetris.ConsoleUI\\Program.cs","message":"Field \u0027_timerCounter\u0027 should not begin with an underscore","eventGroup":[]},{"startLine":14,"startCol":-1,"endLine":14,"endCol":-1,"severity":2,"suppressionHash":9086457123339432904,"sourceHash":"71c81f26185370445d40feebe9c4fc34","ruleSet":"StyleCop","rule":"SA1309","path":"C:\\Users\\ysgo\\Desktop\\Selenium\\STATIC_Automation\\src\\csharp\\Compatibility\\English\\Tetris\\Tetris.ConsoleUI\\Program.cs","message":"Field \u0027_timerStep\u0027 should not begin with an underscore","eventGroup":[]},{"startLine":19,"startCol":-1,"endLine":19,"endCol":-1,"severity":2,"suppressionHash":-3817125392800207820,"sourceHash":"736cb6e6a17db1d5b6fa661974e9c9cd","ruleSet":"StyleCop","rule":"SA1311","path":"C:\\Users\\ysgo\\Desktop\\Selenium\\STATIC_Automation\\src\\csharp\\Compatibility\\English\\Tetris\\Tetris.ConsoleUI\\ConsoleDrawing.cs","message":"Static readonly fields should begin with upper-case letter","eventGroup":[]},{"startLine":8,"startCol":-1,"endLine":8,"endCol":-1,"severity":2,"suppressionHash":-5206906044980525517,"sourceHash":"736cb6e6a17db1d5b6fa661974e9c9cd","ruleSet":"StyleCop","rule":"SA1400","path":"C:\\Users\\ysgo\\Desktop\\Selenium\\STATIC_Automation\\src\\csharp\\Compatibility\\English\\Tetris\\Tetris.ConsoleUI\\ConsoleDrawing.cs","message":"Element \u0027ConsoleDrawing\u0027 should declare an access modifier","eventGroup":[]},{"startLine":10,"startCol":-1,"endLine":10,"endCol":-1,"severity":2,"suppressionHash":-142001467365698171,"sourceHash":"ea960ca6562b7b1c4e12b3d1e14b550d","ruleSet":"StyleCop","rule":"SA1400","path":"C:\\Users\\ysgo\\Desktop\\Selenium\\STATIC_Automation\\src\\csharp\\Compatibility\\English\\Tetris\\Tetris.ConsoleUI\\Interfaces\\IDrawing.cs","message":"Element \u0027IDrawing\u0027 should declare an access modifier","eventGroup":[]},{"startLine":8,"startCol":-1,"endLine":8,"endCol":-1,"severity":2,"suppressionHash":77953765547056459,"sourceHash":"71c81f26185370445d40feebe9c4fc34","ruleSet":"StyleCop","rule":"SA1400","path":"C:\\Users\\ysgo\\Desktop\\Selenium\\STATIC_Automation\\src\\csharp\\Compatibility\\English\\Tetris\\Tetris.ConsoleUI\\Program.cs","message":"Element \u0027TetrisConsoleUI\u0027 should declare an access modifier","eventGroup":[]},{"startLine":16,"startCol":-1,"endLine":16,"endCol":-1,"severity":2,"suppressionHash":-8444240609426653402,"sourceHash":"71c81f26185370445d40feebe9c4fc34","ruleSet":"StyleCop","rule":"SA1400","path":"C:\\Users\\ysgo\\Desktop\\Selenium\\STATIC_Automation\\src\\csharp\\Compatibility\\English\\Tetris\\Tetris.ConsoleUI\\Program.cs","message":"Element \u0027Main\u0027 should declare an access modifier","eventGroup":[]},{"startLine":23,"startCol":-1,"endLine":23,"endCol":-1,"severity":2,"suppressionHash":5391710756658228657,"sourceHash":"736cb6e6a17db1d5b6fa661974e9c9cd","ruleSet":"StyleCop","rule":"SA1413","path":"C:\\Users\\ysgo\\Desktop\\Selenium\\STATIC_Automation\\src\\csharp\\Compatibility\\English\\Tetris\\Tetris.ConsoleUI\\ConsoleDrawing.cs","message":"Use trailing comma in multi-line initializers","eventGroup":[]},{"startLine":19,"startCol":-1,"endLine":19,"endCol":-1,"severity":2,"suppressionHash":-2931424380544763572,"sourceHash":"736cb6e6a17db1d5b6fa661974e9c9cd","ruleSet":"StyleCop","rule":"SA1500","path":"C:\\Users\\ysgo\\Desktop\\Selenium\\STATIC_Automation\\src\\csharp\\Compatibility\\English\\Tetris\\Tetris.ConsoleUI\\ConsoleDrawing.cs","message":"Braces for multi-line statements should not share line","eventGroup":[]},{"startLine":60,"startCol":-1,"endLine":60,"endCol":-1,"severity":2,"suppressionHash":-2636644964278782091,"sourceHash":"71c81f26185370445d40feebe9c4fc34","ruleSet":"StyleCop","rule":"SA1503","path":"C:\\Users\\ysgo\\Desktop\\Selenium\\STATIC_Automation\\src\\csharp\\Compatibility\\English\\Tetris\\Tetris.ConsoleUI\\Program.cs","message":"Braces should not be omitted","eventGroup":[]},{"startLine":64,"startCol":-1,"endLine":64,"endCol":-1,"severity":2,"suppressionHash":-2631579779172883763,"sourceHash":"71c81f26185370445d40feebe9c4fc34","ruleSet":"StyleCop","rule":"SA1503","path":"C:\\Users\\ysgo\\Desktop\\Selenium\\STATIC_Automation\\src\\csharp\\Compatibility\\English\\Tetris\\Tetris.ConsoleUI\\Program.cs","message":"Braces should not be omitted","eventGroup":[]},{"startLine":68,"startCol":-1,"endLine":68,"endCol":-1,"severity":2,"suppressionHash":7469225180916715285,"sourceHash":"71c81f26185370445d40feebe9c4fc34","ruleSet":"StyleCop","rule":"SA1503","path":"C:\\Users\\ysgo\\Desktop\\Selenium\\STATIC_Automation\\src\\csharp\\Compatibility\\English\\Tetris\\Tetris.ConsoleUI\\Program.cs","message":"Braces should not be omitted","eventGroup":[]},{"startLine":79,"startCol":-1,"endLine":79,"endCol":-1,"severity":2,"suppressionHash":6081106074016584677,"sourceHash":"71c81f26185370445d40feebe9c4fc34","ruleSet":"StyleCop","rule":"SA1503","path":"C:\\Users\\ysgo\\Desktop\\Selenium\\STATIC_Automation\\src\\csharp\\Compatibility\\English\\Tetris\\Tetris.ConsoleUI\\Program.cs","message":"Braces should not be omitted","eventGroup":[]},{"startLine":84,"startCol":-1,"endLine":84,"endCol":-1,"severity":2,"suppressionHash":7907028733582597420,"sourceHash":"736cb6e6a17db1d5b6fa661974e9c9cd","ruleSet":"StyleCop","rule":"SA1508","path":"C:\\Users\\ysgo\\Desktop\\Selenium\\STATIC_Automation\\src\\csharp\\Compatibility\\English\\Tetris\\Tetris.ConsoleUI\\ConsoleDrawing.cs","message":"A closing brace should not be preceded by a blank line.","eventGroup":[]},{"startLine":118,"startCol":-1,"endLine":119,"endCol":-1,"severity":2,"suppressionHash":-8064405110874568598,"sourceHash":"736cb6e6a17db1d5b6fa661974e9c9cd","ruleSet":"StyleCop","rule":"SA1513","path":"C:\\Users\\ysgo\\Desktop\\Selenium\\STATIC_Automation\\src\\csharp\\Compatibility\\English\\Tetris\\Tetris.ConsoleUI\\ConsoleDrawing.cs","message":"Closing brace should be followed by blank line","eventGroup":[]},{"startLine":152,"startCol":-1,"endLine":153,"endCol":-1,"severity":2,"suppressionHash":1569770858906388290,"sourceHash":"736cb6e6a17db1d5b6fa661974e9c9cd","ruleSet":"StyleCop","rule":"SA1513","path":"C:\\Users\\ysgo\\Desktop\\Selenium\\STATIC_Automation\\src\\csharp\\Compatibility\\English\\Tetris\\Tetris.ConsoleUI\\ConsoleDrawing.cs","message":"Closing brace should be followed by blank line","eventGroup":[]},{"startLine":160,"startCol":-1,"endLine":161,"endCol":-1,"severity":2,"suppressionHash":3326324938247091754,"sourceHash":"736cb6e6a17db1d5b6fa661974e9c9cd","ruleSet":"StyleCop","rule":"SA1513","path":"C:\\Users\\ysgo\\Desktop\\Selenium\\STATIC_Automation\\src\\csharp\\Compatibility\\English\\Tetris\\Tetris.ConsoleUI\\ConsoleDrawing.cs","message":"Closing brace should be followed by blank line","eventGroup":[]},{"startLine":162,"startCol":-1,"endLine":163,"endCol":-1,"severity":2,"suppressionHash":-7575324258263832210,"sourceHash":"736cb6e6a17db1d5b6fa661974e9c9cd","ruleSet":"StyleCop","rule":"SA1513","path":"C:\\Users\\ysgo\\Desktop\\Selenium\\STATIC_Automation\\src\\csharp\\Compatibility\\English\\Tetris\\Tetris.ConsoleUI\\ConsoleDrawing.cs","message":"Closing brace should be followed by blank line","eventGroup":[]},{"startLine":45,"startCol":-1,"endLine":46,"endCol":-1,"severity":2,"suppressionHash":2863502856837183261,"sourceHash":"71c81f26185370445d40feebe9c4fc34","ruleSet":"StyleCop","rule":"SA1513","path":"C:\\Users\\ysgo\\Desktop\\Selenium\\STATIC_Automation\\src\\csharp\\Compatibility\\English\\Tetris\\Tetris.ConsoleUI\\Program.cs","message":"Closing brace should be followed by blank line","eventGroup":[]},{"startLine":75,"startCol":-1,"endLine":76,"endCol":-1,"severity":2,"suppressionHash":133413181534120255,"sourceHash":"71c81f26185370445d40feebe9c4fc34","ruleSet":"StyleCop","rule":"SA1513","path":"C:\\Users\\ysgo\\Desktop\\Selenium\\STATIC_Automation\\src\\csharp\\Compatibility\\English\\Tetris\\Tetris.ConsoleUI\\Program.cs","message":"Closing brace should be followed by blank line","eventGroup":[]},{"startLine":8,"startCol":-1,"endLine":8,"endCol":-1,"severity":2,"suppressionHash":-6597646765987195498,"sourceHash":"736cb6e6a17db1d5b6fa661974e9c9cd","ruleSet":"StyleCop","rule":"SA1600","path":"C:\\Users\\ysgo\\Desktop\\Selenium\\STATIC_Automation\\src\\csharp\\Compatibility\\English\\Tetris\\Tetris.ConsoleUI\\ConsoleDrawing.cs","message":"Elements should be documented","eventGroup":[]},{"startLine":26,"startCol":-1,"endLine":26,"endCol":-1,"severity":2,"suppressionHash":597059323004592600,"sourceHash":"736cb6e6a17db1d5b6fa661974e9c9cd","ruleSet":"StyleCop","rule":"SA1600","path":"C:\\Users\\ysgo\\Desktop\\Selenium\\STATIC_Automation\\src\\csharp\\Compatibility\\English\\Tetris\\Tetris.ConsoleUI\\ConsoleDrawing.cs","message":"Elements should be documented","eventGroup":[]},{"startLine":63,"startCol":-1,"endLine":63,"endCol":-1,"severity":2,"suppressionHash":2685571576735395550,"sourceHash":"736cb6e6a17db1d5b6fa661974e9c9cd","ruleSet":"StyleCop","rule":"SA1600","path":"C:\\Users\\ysgo\\Desktop\\Selenium\\STATIC_Automation\\src\\csharp\\Compatibility\\English\\Tetris\\Tetris.ConsoleUI\\ConsoleDrawing.cs","message":"Elements should be documented","eventGroup":[]},{"startLine":86,"startCol":-1,"endLine":86,"endCol":-1,"severity":2,"suppressionHash":323805386730942764,"sourceHash":"736cb6e6a17db1d5b6fa661974e9c9cd","ruleSet":"StyleCop","rule":"SA1600","path":"C:\\Users\\ysgo\\Desktop\\Selenium\\STATIC_Automation\\src\\csharp\\Compatibility\\English\\Tetris\\Tetris.ConsoleUI\\ConsoleDrawing.cs","message":"Elements should be documented","eventGroup":[]},{"startLine":10,"startCol":-1,"endLine":10,"endCol":-1,"severity":2,"suppressionHash":4765031414213753094,"sourceHash":"ea960ca6562b7b1c4e12b3d1e14b550d","ruleSet":"StyleCop","rule":"SA1600","path":"C:\\Users\\ysgo\\Desktop\\Selenium\\STATIC_Automation\\src\\csharp\\Compatibility\\English\\Tetris\\Tetris.ConsoleUI\\Interfaces\\IDrawing.cs","message":"Elements should be documented","eventGroup":[]},{"startLine":12,"startCol":-1,"endLine":12,"endCol":-1,"severity":2,"suppressionHash":-696328745996629514,"sourceHash":"ea960ca6562b7b1c4e12b3d1e14b550d","ruleSet":"StyleCop","rule":"SA1600","path":"C:\\Users\\ysgo\\Desktop\\Selenium\\STATIC_Automation\\src\\csharp\\Compatibility\\English\\Tetris\\Tetris.ConsoleUI\\Interfaces\\IDrawing.cs","message":"Elements should be documented","eventGroup":[]},{"startLine":8,"startCol":-1,"endLine":8,"endCol":-1,"severity":2,"suppressionHash":2838280579217753289,"sourceHash":"71c81f26185370445d40feebe9c4fc34","ruleSet":"StyleCop","rule":"SA1600","path":"C:\\Users\\ysgo\\Desktop\\Selenium\\STATIC_Automation\\src\\csharp\\Compatibility\\English\\Tetris\\Tetris.ConsoleUI\\Program.cs","message":"Elements should be documented","eventGroup":[]},{"startLine":17,"startCol":-1,"endLine":17,"endCol":-1,"severity":2,"suppressionHash":-8809551917049345901,"sourceHash":"736cb6e6a17db1d5b6fa661974e9c9cd","ruleSet":"StyleCop","rule":"SA1629","path":"C:\\Users\\ysgo\\Desktop\\Selenium\\STATIC_Automation\\src\\csharp\\Compatibility\\English\\Tetris\\Tetris.ConsoleUI\\ConsoleDrawing.cs","message":"Documentation text should end with a period","eventGroup":[]},{"startLine":174,"startCol":-1,"endLine":174,"endCol":-1,"severity":2,"suppressionHash":-4692030376833627027,"sourceHash":"736cb6e6a17db1d5b6fa661974e9c9cd","ruleSet":"StyleCop","rule":"SA1629","path":"C:\\Users\\ysgo\\Desktop\\Selenium\\STATIC_Automation\\src\\csharp\\Compatibility\\English\\Tetris\\Tetris.ConsoleUI\\ConsoleDrawing.cs","message":"Documentation text should end with a period","eventGroup":[]},{"startLine":176,"startCol":-1,"endLine":176,"endCol":-1,"severity":2,"suppressionHash":2977060028230230229,"sourceHash":"736cb6e6a17db1d5b6fa661974e9c9cd","ruleSet":"StyleCop","rule":"SA1629","path":"C:\\Users\\ysgo\\Desktop\\Selenium\\STATIC_Automation\\src\\csharp\\Compatibility\\English\\Tetris\\Tetris.ConsoleUI\\ConsoleDrawing.cs","message":"Documentation text should end with a period","eventGroup":[]},{"startLine":177,"startCol":-1,"endLine":177,"endCol":-1,"severity":2,"suppressionHash":-6386910183478368319,"sourceHash":"736cb6e6a17db1d5b6fa661974e9c9cd","ruleSet":"StyleCop","rule":"SA1629","path":"C:\\Users\\ysgo\\Desktop\\Selenium\\STATIC_Automation\\src\\csharp\\Compatibility\\English\\Tetris\\Tetris.ConsoleUI\\ConsoleDrawing.cs","message":"Documentation text should end with a period","eventGroup":[]},{"startLine":1,"startCol":-1,"endLine":1,"endCol":-1,"severity":2,"suppressionHash":3207973590212048628,"sourceHash":"736cb6e6a17db1d5b6fa661974e9c9cd","ruleSet":"StyleCop","rule":"SA1633","path":"C:\\Users\\ysgo\\Desktop\\Selenium\\STATIC_Automation\\src\\csharp\\Compatibility\\English\\Tetris\\Tetris.ConsoleUI\\ConsoleDrawing.cs","message":"The file header is missing or not located at the top of the file.","eventGroup":[]},{"startLine":1,"startCol":-1,"endLine":1,"endCol":-1,"severity":2,"suppressionHash":5444810618173083692,"sourceHash":"ea960ca6562b7b1c4e12b3d1e14b550d","ruleSet":"StyleCop","rule":"SA1633","path":"C:\\Users\\ysgo\\Desktop\\Selenium\\STATIC_Automation\\src\\csharp\\Compatibility\\English\\Tetris\\Tetris.ConsoleUI\\Interfaces\\IDrawing.cs","message":"The file header is missing or not located at the top of the file.","eventGroup":[]},{"startLine":1,"startCol":-1,"endLine":1,"endCol":-1,"severity":2,"suppressionHash":7877984745481932331,"sourceHash":"71c81f26185370445d40feebe9c4fc34","ruleSet":"StyleCop","rule":"SA1633","path":"C:\\Users\\ysgo\\Desktop\\Selenium\\STATIC_Automation\\src\\csharp\\Compatibility\\English\\Tetris\\Tetris.ConsoleUI\\Program.cs","message":"The file header is missing or not located at the top of the file.","eventGroup":[]},{"startLine":1,"startCol":-1,"endLine":1,"endCol":-1,"severity":2,"suppressionHash":7553753797992032720,"sourceHash":"8c1d929de12e0ef19205c9411338bee4","ruleSet":"StyleCop","rule":"SA1633","path":"C:\\Users\\ysgo\\Desktop\\Selenium\\STATIC_Automation\\src\\csharp\\Compatibility\\English\\Tetris\\Tetris.ConsoleUI\\Properties\\AssemblyInfo.cs","message":"The file header is missing or not located at the top of the file.","eventGroup":[]},{"startLine":8,"startCol":-1,"endLine":8,"endCol":-1,"severity":2,"suppressionHash":8734401939630109467,"sourceHash":"71c81f26185370445d40feebe9c4fc34","ruleSet":"StyleCop","rule":"SA1649","path":"C:\\Users\\ysgo\\Desktop\\Selenium\\STATIC_Automation\\src\\csharp\\Compatibility\\English\\Tetris\\Tetris.ConsoleUI\\Program.cs","message":"File name should match first type name.","eventGroup":[]}]