{
    "C:/USERS/MAC1/DOWNLOADS/GITTEST2/MAKE/EXAMPLE.C": [
        {
            "start": 6,
            "end": 6,
            "email": "goyoseb@suresofttech.com"
        },
        {
            "start": 9,
            "end": 9,
            "email": "goyoseb@suresofttech.com"
        },
        {
            "start": 8,
            "end": 8,
            "email": "hyj5829@gmail.com"
        },
        {
            "start": 7,
            "end": 7,
            "email": "hyj5829@gmail.com"
        },
        {
            "start": 1,
            "end": 1,
            "email": "hyj5829@gmail.com"
        },
        {
            "start": 2,
            "end": 5,
            "email": "hyj5829@gmail.com"
        },
        {
            "start": 10,
            "end": 11,
            "email": "hyj5829@gmail.com"
        }
    ]
}