<?xml version="1.0" encoding="UTF-8"?>
<project xmlns:xsi="http://www.w3.org/2001/XMLSchema-instance" xmlns="http://maven.apache.org/POM/4.0.0"
         xsi:schemaLocation="http://maven.apache.org/POM/4.0.0 http://maven.apache.org/xsd/maven-4.0.0.xsd">
    <modelVersion>4.0.0</modelVersion>
    <parent>
        <groupId>org.springframework.boot</groupId>
        <artifactId>spring-boot-starter-parent</artifactId>
        <version>2.1.3.RELEASE</version>
        <relativePath/> <!-- lookup parent from repository -->
    </parent>
    <groupId>codescroll</groupId>
    <artifactId>notification</artifactId>
    <version>0.0.1-SNAPSHOT</version>
    <name>Notification</name>
    <description>STATIC Notification Service</description>

    <properties>
        <project.build.sourceEncoding>UTF-8</project.build.sourceEncoding>
        <project.reporting.outputEncoding>UTF-8</project.reporting.outputEncoding>
        <!--<spring-cloud.version>Greenwich.RELEASE</spring-cloud.version>-->
        <logback.version>1.1.6</logback.version>
        <java.version>1.8</java.version>
    </properties>

    <repositories>
        <repository>
            <id>static-nexus-release</id>
            <url>http://211.116.222.165:8081/repository/maven-releases</url>
            <releases>
                <enabled>true</enabled>
            </releases>
            <snapshots>
                <enabled>false</enabled>
            </snapshots>
        </repository>
        <repository>
            <id>static-nexus-snapshot</id>
            <url>http://211.116.222.165:8081/repository/maven-snapshots</url>
            <releases>
                <enabled>false</enabled>
            </releases>
            <snapshots>
                <enabled>true</enabled>
            </snapshots>
        </repository>
    </repositories>

    <dependencies>
        <dependency>
            <groupId>com.codescroll</groupId>
            <artifactId>commons</artifactId>
            <version>1.0-SNAPSHOT</version>
        </dependency>

        <dependency>
            <groupId>com.codescroll.defect</groupId>
            <artifactId>enums</artifactId>
            <version>1.0.4-SNAPSHOT</version>
        </dependency>

        <!--/////////////////////// spingboot ////////////////////////////////////////-->
        <dependency>
            <groupId>org.springframework.boot</groupId>
            <artifactId>spring-boot-starter-mail</artifactId>
        </dependency>
        <dependency>
            <groupId>org.springframework.boot</groupId>
            <artifactId>spring-boot-starter-web</artifactId>
        </dependency>
        <dependency>
            <groupId>org.springframework.boot</groupId>
            <artifactId>spring-boot-devtools</artifactId>
            <scope>runtime</scope>
        </dependency>
        <dependency>
            <groupId>org.springframework.boot</groupId>
            <artifactId>spring-boot-starter-data-jpa</artifactId>
        </dependency>
        <dependency>
            <groupId>org.springframework.boot</groupId>
            <artifactId>spring-boot-starter-actuator</artifactId>
        </dependency>

        <dependency>
            <groupId>org.springframework.boot</groupId>
            <artifactId>spring-boot-starter-thymeleaf</artifactId>
            <version>RELEASE</version>
        </dependency>

        <!--////////////////////// dev lib //////////////////////////////////////////////////////////////////////////-->
        <!-- https://mvnrepository.com/artifact/org.subethamail/subethasmtp-wiser -->
        <dependency>
            <groupId>org.subethamail</groupId>
            <artifactId>subethasmtp-wiser</artifactId>
            <version>1.2</version>
            <exclusions>
                <exclusion>
                    <groupId>javax.servlet</groupId>
                    <artifactId>servlet-api</artifactId>
                </exclusion>
            </exclusions>
        </dependency>
        <dependency>
            <groupId>com.h2database</groupId>
            <artifactId>h2</artifactId>
        </dependency>

        <!-- https://mvnrepository.com/artifact/com.googlecode.json-simple/json-simple -->
        <dependency>
            <groupId>com.googlecode.json-simple</groupId>
            <artifactId>json-simple</artifactId>
            <version>1.1</version>
        </dependency>

        <!-- https://mvnrepository.com/artifact/com.icegreen/greenmail-spring -->
        <dependency>
            <groupId>com.icegreen</groupId>
            <artifactId>greenmail-spring</artifactId>
            <version>1.5.10</version>
        </dependency>

        <!-- https://mvnrepository.com/artifact/io.reactivex.rxjava2/rxjava -->
        <dependency>
            <groupId>io.reactivex.rxjava2</groupId>
            <artifactId>rxjava</artifactId>
            <version>RELEASE</version>
        </dependency>

        <dependency>
            <groupId>org.projectlombok</groupId>
            <artifactId>lombok</artifactId>
            <optional>true</optional>
        </dependency>

        <dependency>
            <groupId>org.modelmapper</groupId>
            <artifactId>modelmapper</artifactId>
            <version>2.3.2</version>
        </dependency>

        <dependency>
            <groupId>org.flywaydb</groupId>
            <artifactId>flyway-core</artifactId>
        </dependency>

        <!--/////////////////////////// spring cloud //////////////////////////////////////-->
        <dependency>
            <groupId>org.springframework.cloud</groupId>
            <artifactId>spring-cloud-starter</artifactId>
        </dependency>
        <dependency>
            <groupId>org.springframework.cloud</groupId>
            <artifactId>spring-cloud-starter-netflix-ribbon</artifactId>
        </dependency>
        <dependency>
            <groupId>org.springframework.cloud</groupId>
            <artifactId>spring-cloud-starter-config</artifactId>
        </dependency>
        <dependency>
            <groupId>org.springframework.cloud</groupId>
            <artifactId>spring-cloud-starter-netflix-eureka-client</artifactId>
            <version>2.1.1.RELEASE</version>
        </dependency>
        <dependency>
            <groupId>org.springframework.cloud</groupId>
            <artifactId>spring-cloud-starter-zipkin</artifactId>
        </dependency>
        <dependency>
            <groupId>org.springframework.cloud</groupId>
            <artifactId>spring-cloud-starter-netflix-hystrix</artifactId>
        </dependency>

        <!--///////////////////////////// Swagger ///////////////////////////////////////////-->
        <dependency>
            <groupId>io.springfox</groupId>
            <artifactId>springfox-data-rest</artifactId>
            <version>2.7.0</version>
        </dependency>
        <dependency>
            <groupId>io.springfox</groupId>
            <artifactId>springfox-swagger2</artifactId>
            <version>2.7.0</version>
        </dependency>
        <dependency>
            <groupId>io.springfox</groupId>
            <artifactId>springfox-swagger-ui</artifactId>
            <version>2.7.0</version>
        </dependency>
        <!--/////////////////////////// TEST /////////////////////////////////////////////-->
        <dependency>
            <groupId>org.springframework.boot</groupId>
            <artifactId>spring-boot-starter-test</artifactId>
            <scope>test</scope>
        </dependency>
        <!--        <dependency>-->
        <!--            <groupId>org.junit.jupiter</groupId>-->
        <!--            <artifactId>junit-jupiter-api</artifactId>-->
        <!--            <version>RELEASE</version>-->
        <!--            <scope>test</scope>-->
        <!--        </dependency>-->

        <!--/////////////////////////// LOG /////////////////////////////////////////////-->
        <dependency>
            <groupId>ch.qos.logback</groupId>
            <artifactId>logback-core</artifactId>
        </dependency>
        <dependency>
            <groupId>net.logstash.logback</groupId>
            <artifactId>logstash-logback-encoder</artifactId>
            <version>4.6</version>
        </dependency>

    </dependencies>

    <dependencyManagement>
        <dependencies>
            <dependency>
                <groupId>org.springframework.cloud</groupId>
                <artifactId>spring-cloud-dependencies</artifactId>
                <version>Greenwich.RELEASE</version>
                <type>pom</type>
                <scope>import</scope>
            </dependency>
        </dependencies>
    </dependencyManagement>

    <build>
        <plugins>
            <plugin>
                <groupId>org.springframework.boot</groupId>
                <artifactId>spring-boot-maven-plugin</artifactId>
                <version>1.5.6.RELEASE</version>
			 </plugin>
			 <plugin>
				<groupId>com.codescroll.acp</groupId>
				<artifactId>static-maven-plugin</artifactId>
				<version>1.0-SNAPSHOT</version>
				<configuration>
					<static>
						<server>211.116.223.195</server>
						<key>JA1</key>
					</static>
				</configuration>
					<executions>
						<execution>
							<goals>
								<goal>static</goal>
							</goals>
						</execution>
					</executions>
				</plugin>	
        </plugins>
    </build>

</project>
