{
    "C:/MINGW/INCLUDE/SDKDDKVER.H": [
        "_0b4629d9b420da503aca6bd354e72eff",
        true,
        false,
        "b574ece1"
    ],
    "C:/USERS/MAC1/DOWNLOADS/GITTEST/MAKE1/.STATICDATA/PREINCLUDE/RECENT_PREINCLUDE_CPP.H": [
        "671db7da616e01bcf40029ff0c4f4114_",
        false,
        true,
        "cb201cdc"
    ],
    "C:/MINGW/INCLUDE/MSVCRTVER.H": [
        "_56ece48196489623e3f168381498aa15",
        true,
        false,
        "4fa3af4e"
    ],
    "C:/USERS/MAC1/DOWNLOADS/GITTEST/MAKE1/.STATICDATA/PREINCLUDE/RECENT_PREINCLUDE_C.H": [
        "306227024c018cd03aca28832762ed44_",
        false,
        true,
        "dae7ffb3"
    ],
    "C:/MINGW/LIB/GCC/MINGW32/6.3.0/INCLUDE/STDDEF.H": [
        "_229cfc2b07325e2898b40babd7dc8550",
        true,
        false,
        "b31c80c8"
    ],
    "C:/MINGW/LIB/GCC/MINGW32/6.3.0/INCLUDE/STDARG.H": [
        "_95fd4038c4e68b6194681c528fe03f3b",
        true,
        false,
        "4382cc78"
    ],
    "C:/USERS/MAC1/DOWNLOADS/GITTEST/MAKE1/EXAMPLE.C": [
        "e72f8ea92b31c35afb343a84c7236c9f",
        false,
        false,
        "1086f1ae"
    ],
    "C:/MINGW/INCLUDE/SYS/TYPES.H": [
        "_fbcd01c97be73ad1f89e0177a79f071a",
        true,
        false,
        "40891eaa"
    ],
    "C:/MINGW/INCLUDE/STDIO.H": [
        "_f5595cdcabf12d22cdb291db6e47b9e6",
        true,
        false,
        "e90b0e16"
    ],
    "C:/MINGW/INCLUDE/_MINGW.H": [
        "_75e08fccd97604691b5b85e5205b1555",
        true,
        false,
        "3e292fb6"
    ],
    "C:/MINGW/INCLUDE/W32API.H": [
        "_22b026c8f577928026251b69de24ec63",
        true,
        false,
        "9f876c11"
    ]
}